player_name,team,position,born,gp,g,a,p,shots,toi_seconds
Connor McDavid,EDM,F,1997,75,33,95,128,267,1413
Leon Draisaitl,EDM,F,1995,75,41,73,114,218,1324
Evan Bouchard,EDM,D,1999,75,20,61,81,212,1414
Matthew Tkachuk,TOT,F,1997,79,29,50,79,220,1133
Carter Verhaeghe,FLA,F,1995,78,31,42,73,212,1142
Mikko Rantanen,TOT,F,1996,56,25,46,71,162,1277
Aleksander Barkov,FLA,F,1995,78,21,46,67,199,1278
Ryan Nugent-Hopkins,EDM,F,1993,75,20,47,67,143,1204
Zach Hyman,EDM,F,1992,68,35,25,60,233,1196
Sam Reinhart,FLA,F,1995,76,32,24,56,216,1284
Nathan MacKinnon,COL,F,1995,45,27,29,56,242,1366
Sam Bennett,FLA,F,1996,72,28,26,54,209,1078
Cale Makar,COL,D,1998,44,15,39,54,153,1608
Brad Marchand,TOT,F,1988,48,21,30,51,113,1087
Sebastian Aho,CAR,F,1997,55,20,30,50,145,1231
Roope Hintz,DAL,F,1996,57,20,28,48,129,1069
Anton Lundell,FLA,F,2001,77,12,34,46,124,969
Jason Robertson,DAL,F,1999,56,18,26,44,141,1114
Mika Zibanejad,NYR,F,1993,43,14,30,44,119,1247
Nikita Kucherov,TBL,F,1993,39,9,35,44,115,1262
Seth Jarvis,CAR,F,2002,55,19,24,43,130,1127
Jack Eichel,VGK,F,1996,40,10,33,43,124,1232
Evander Kane,EDM,F,1991,68,26,16,42,186,1038
Evan Rodrigues,TOT,F,1993,59,13,27,40,122,955
Adam Fox,NYR,D,1998,43,5,34,39,77,1503
Mitch Marner,TOR,F,1997,38,8,30,38,82,1362
Chris Kreider,NYR,F,1991,43,24,13,37,102,1162
Artturi Lehkonen,COL,F,1995,45,20,15,35,111,1154
Mark Stone,VGK,F,1992,39,18,17,35,80,1151
William Nylander,TOR,F,1996,35,16,19,35,125,1147
Auston Matthews,TOR,F,1997,36,13,22,35,145,1292
Miro Heiskanen,DAL,D,1999,53,9,26,35,113,1604
Tyler Seguin,DAL,F,1992,63,16,18,34,158,996
Eetu Luostarinen,FLA,F,1998,73,10,24,34,84,920
Devon Toews,COL,D,1994,44,8,26,34,79,1510
Corey Perry,TOT,F,1985,70,19,14,33,111,770
Artemi Panarin,NYR,F,1991,43,11,22,33,109,1217
Wyatt Johnston,DAL,F,2003,56,18,14,32,148,1139
Aaron Ekblad,FLA,D,1996,73,8,24,32,118,1409
Victor Hedman,TBL,D,1990,38,4,28,32,110,1479
Vincent Trocheck,TOT,F,1993,37,15,16,31,84,1219
Jamie Benn,DAL,F,1989,61,9,22,31,112,944
Valeri Nichushkin,COL,F,1995,37,22,8,30,115,1236
Ondrej Palat,TOT,F,1991,40,14,16,30,70,1021
Max Domi,TOT,F,1995,53,10,20,30,91,812
Steven Stamkos,TBL,F,1990,34,18,11,29,102,1147
Adrian Kempe,LAK,F,1996,24,15,14,29,106,1244
Jonathan Marchessault,VGK,F,1990,29,15,14,29,105,1064
Gustav Forsling,FLA,D,1996,78,7,22,29,139,1433
Andrei Svechnikov,CAR,F,2000,40,14,14,28,104,1056
Morgan Rielly,TOR,D,1994,38,11,17,28,75,1389
Brandon Montour,FLA,D,1994,55,11,16,27,139,1384
Thomas Harley,DAL,D,2001,56,5,22,27,82,1315
Gabriel Landeskog,COL,F,1992,25,12,14,26,66,1212
Kyle Connor,WPG,F,1996,23,11,15,26,90,1318
Martin Necas,TOT,F,1999,47,9,17,26,103,1076
Ivan Barbashev,TOT,F,1995,52,8,18,26,67,923
Jake Guentzel,TOT,F,1994,23,15,10,25,83,1279
William Karlsson,VGK,F,1993,40,14,11,25,71,1046
Mattias Ekholm,TOT,D,1990,48,7,18,25,86,1317
Joe Pavelski,DAL,F,1984,40,13,11,24,73,1088
Darnell Nurse,EDM,D,1995,73,7,17,24,135,1276
John Tavares,TOR,F,1990,38,13,10,23,120,1122
Ryan O'Reilly,TOT,F,1991,29,11,12,23,67,1261
Alexis Lafrenière,NYR,F,2001,43,10,13,23,82,904
Anze Kopitar,LAK,F,1987,24,6,17,23,59,1295
Jordan Martinook,CAR,F,1992,47,6,17,23,86,958
Vladimir Tarasenko,TOT,F,1991,43,14,8,22,98,880
Jake DeBrusk,BOS,F,1996,27,11,10,21,51,1032
Chandler Stephenson,VGK,F,1994,29,10,11,21,42,1091
Evgeny Dadonov,DAL,F,1989,51,8,13,21,71,799
Jaccob Slavin,CAR,D,1994,55,7,14,21,105,1388
Brett Kulak,EDM,D,1994,75,3,17,20,83,1117
David Pastrnak,BOS,F,1996,27,12,7,19,114,1190
Elias Lindholm,TOT,F,1994,25,10,9,19,59,1209
Phillip Danault,LAK,F,1993,24,7,12,19,46,1190
Jordan Staal,CAR,F,1988,55,6,13,19,95,1017
Pavel Buchnevich,STL,F,1995,19,4,15,19,36,1172
Dmitry Orlov,TOT,D,1991,39,2,17,19,57,1306
Kirill Kaprizov,MIN,F,1997,18,13,5,18,66,1308
Taylor Hall,TOT,F,1991,29,9,9,18,56,898
Mark Scheifele,WPG,F,1993,20,8,10,18,42,1163
Teuvo Teräväinen,CAR,F,1994,31,7,11,18,61,1062
Reilly Smith,VGK,F,1991,33,7,11,18,68,982
Josh Manson,COL,D,1991,43,7,11,18,86,1058
Kevin Fiala,TOT,F,1996,20,5,13,18,64,1156
Brent Burns,CAR,D,1985,41,4,14,18,106,1440
Shea Theodore,VGK,D,1995,39,3,15,18,79,1279
Nino Niederreiter,TOT,F,1992,37,9,8,17,71,949
Mason Marchment,TOT,F,1995,53,9,8,17,83,906
Anthony Cirelli,TBL,F,1997,39,7,10,17,66,1113
Ross Colton,TOT,F,1996,41,7,10,17,62,780
Viktor Arvidsson,TOT,F,1993,26,3,14,17,57,890
Alex Pietrangelo,VGK,D,1990,38,3,14,17,68,1397
David Perron,TOT,F,1988,18,11,5,16,51,1063
Brayden Point,TBL,F,1996,25,8,8,16,65,1210
Logan Stankoven,TOT,F,2003,34,8,8,16,60,948
Brandon Hagel,TBL,F,1998,37,6,10,16,67,1000
Matt Duchene,TOT,F,1991,41,6,10,16,58,1035
Anthony Duclair,TOT,F,1995,33,5,11,16,51,864
Ryan Hartman,MIN,F,1994,17,4,12,16,42,1070
Brady Skjei,CAR,D,1994,40,3,13,16,84,1335
Cody Ceci,TOT,D,1993,70,3,13,16,80,1203
Charlie McAvoy,BOS,D,1997,26,1,15,16,49,1523
Brett Howden,VGK,F,1998,40,9,6,15,52,826
Nazem Kadri,COL,F,1990,16,7,8,15,58,1041
Connor Brown,EDM,F,1994,39,7,8,15,41,830
Warren Foegele,TOT,F,1996,53,6,9,15,102,728
Nicolas Roy,VGK,F,1997,40,5,10,15,50,874
Nate Schmidt,TOT,D,1991,31,4,11,15,40,1019
Neal Pionk,WPG,D,1995,23,1,14,15,37,1470
Nick Paul,TBL,F,1995,39,10,4,14,78,1061
Stefan Noesen,TOT,F,1993,31,9,5,14,42,853
Matthew Knies,TOR,F,2002,27,8,6,14,50,1010
Adam Henrique,EDM,F,1990,39,8,6,14,49,865
Tyler Bertuzzi,TOT,F,1995,14,6,8,14,42,1095
Andrew Copp,NYR,F,1994,20,6,8,14,41,1188
Charlie Coyle,TOT,F,1992,34,5,9,14,52,1012
Yanni Gourde,TOT,F,1991,19,4,10,14,27,1097
Robert Thomas,STL,F,1999,19,4,10,14,28,1174
Johnny Gaudreau,CGY,F,1993,12,3,11,14,52,1173
Mikhail Sergachev,TBL,D,1998,31,3,11,14,39,1372
Sam Steel,TOT,F,1998,42,3,11,14,38,828
Jesperi Kotkaniemi,CAR,F,2000,54,3,11,14,76,807
Ryan Suter,TOT,D,1985,50,1,13,14,38,1238
Filip Chytil,NYR,F,1999,33,8,5,13,66,819
Mattias Janmark-Nylén,EDM,F,1992,52,7,6,13,40,704
Ryan McLeod,EDM,F,1999,52,7,6,13,65,836
Trevor Moore,LAK,F,1995,24,6,7,13,70,1115
Mike Amadio,TOT,F,1996,26,6,7,13,28,780
Frank Vatrano,NYR,F,1994,20,5,8,13,41,907
Mikael Granlund,TOT,F,1992,22,5,8,13,39,1095
Niko Mikkola,TOT,D,1996,65,5,8,13,54,1089
Claude Giroux,TOT,F,1988,16,4,9,13,32,1068
Brock Nelson,TOT,F,1991,18,4,9,13,35,1080
Justin Schultz,TOT,D,1990,20,4,9,13,23,939
Dylan Strome,WSH,F,1997,14,3,10,13,25,1094
Noah Hanifin,TOT,D,1997,30,3,10,13,76,1392
Brett Pesce,TOT,D,1994,36,3,10,13,72,1375
Ryan Lindgren,TOT,D,1998,47,3,10,13,47,1230
Brayden McNabb,VGK,D,1991,39,2,11,13,36,1207
Jordan Kyrou,STL,F,1998,19,10,2,12,50,986
Brock Boeser,VAN,F,1997,12,7,5,12,27,1218
Alexander Ovechkin,WSH,F,1985,20,6,6,12,57,1079
Mats Zuccarello,MIN,F,1987,18,4,8,12,32,1188
Quinton Byfield,LAK,F,2002,19,4,8,12,35,1017
Esa Lindell,DAL,D,1994,63,4,8,12,86,1383
J.T. Miller,VAN,F,1993,13,3,9,12,29,1286
Gabriel Vilardi,TOT,F,1999,21,3,9,12,43,1036
Jack Roslovic,TOT,F,1997,25,3,9,12,37,828
Shayne Gostisbehere,CAR,D,1993,30,3,9,12,48,1107
K'Andre Miller,NYR,D,2000,43,3,9,12,37,1381
Jacob Trouba,NYR,D,1994,43,2,10,12,90,1371
Pavel Zacha,BOS,F,1997,20,1,11,12,34,1072
Anthony DeAngelo,CAR,D,1995,23,1,11,12,44,1186
Bowen Byram,COL,D,2001,27,0,12,12,66,1201
Adam Lowry,WPG,F,1993,23,10,1,11,39,1014
Jack Hughes,NJD,F,2001,12,6,5,11,45,1183
Jordan Eberle,SEA,F,1990,14,6,5,11,31,1087
Evgeny Kuznetsov,TOT,F,1992,16,6,5,11,36,860
Matthew Boldy,MIN,F,2001,18,6,5,11,57,1184
Tom Wilson,WSH,F,1994,15,5,6,11,31,1110
Nico Hischier,NJD,F,1999,17,5,6,11,49,1266
Vladislav Namestnikov,TOT,F,1992,29,5,6,11,32,918
Alex Iafallo,TOT,F,1993,31,5,6,11,54,966
Nikita Zadorov,TOT,D,1995,25,4,7,11,42,1151
Radek Faksa,TOT,F,1994,41,4,7,11,37,816
Colton Parayko,STL,D,1993,19,3,8,11,39,1492
Josh Morrissey,WPG,D,1995,20,3,8,11,36,1278
Kailer Yamamoto,EDM,F,1998,26,3,8,11,28,933
Andrew Cogliano,COL,F,1987,31,3,8,11,20,558
Brayden Schenn,STL,F,1991,19,2,9,11,26,1086
Justin Faulk,STL,D,1992,19,2,9,11,41,1507
Samuel Girard,COL,D,1998,30,2,9,11,39,1207
Jesper Fast,CAR,F,1991,29,7,3,10,42,968
Barclay Goodrow,NYR,F,1993,32,7,3,10,24,809
J.T. Compher,COL,F,1995,27,6,4,10,41,960
Jaden Schwartz,SEA,F,1992,14,5,5,10,41,1095
Erik Haula,TOT,F,1991,24,5,5,10,41,1004
Oliver Ekman-Larsson,TOT,D,1991,37,4,6,10,39,1002
Drew Doughty,LAK,D,1989,17,3,7,10,22,1655
John Carlson,WSH,D,1990,20,3,7,10,39,1520
Vasili Podkolzin,TOT,F,2001,24,3,7,10,20,649
Logan O'Connor,COL,F,1996,31,3,7,10,40,718
Sidney Crosby,PIT,F,1987,6,2,8,10,22,1225
Cam Fowler,STL,D,1991,7,2,8,10,12,1397
Jake Walman,EDM,D,1996,22,2,8,10,38,1210
Jack Drury,TOT,F,2000,31,2,8,10,53,803
Zach Whitecloud,VGK,D,1996,39,2,8,10,31,1071
Quinn Hughes,VAN,D,1999,13,0,10,10,21,1465
Morgan Geekie,TOT,F,1998,26,6,3,9,33,839
Nikolaj Ehlers,WPG,F,1996,14,5,4,9,45,1023
Dawson Mercer,NJD,F,2001,17,5,4,9,24,1076
Eeli Tolvanen,TOT,F,1999,17,4,5,9,32,924
Seth Jones,FLA,D,1994,23,4,5,9,29,1530
Kaapo Kakko,NYR,F,2001,41,4,5,9,54,737
Patrick Maroon,TOT,F,1988,42,4,5,9,36,561
Trent Frederic,TOT,F,1998,44,4,5,9,53,697
Casey Mittelstadt,COL,F,1998,11,3,6,9,24,1044
Max Pacioretty,TOT,F,1988,15,3,6,9,19,798
Kasperi Kapanen,TOT,F,1996,19,3,6,9,46,861
Alex Killorn,TBL,F,1989,29,3,6,9,60,1162
Alexander Wennberg,TOT,F,1994,30,3,6,9,26,1065
Brandon Carlo,TOT,D,1996,40,3,6,9,54,1161
Jesper Bratt,NJD,F,1998,17,2,7,9,45,1179
Ryan Strome,NYR,F,1993,19,2,7,9,49,1097
John Klingberg,TOT,D,1992,30,2,7,9,36,1127
Gustav Nyquist,TOT,F,1989,18,1,8,9,16,944
Ryan McDonagh,TOT,D,1989,34,1,8,9,43,1331
Mason Appleton,WPG,F,1996,23,0,9,9,31,923
T.J. Oshie,WSH,F,1986,10,6,2,8,25,1167
Mikael Backlund,CGY,F,1989,12,5,3,8,33,1173
Connor McMichael,WSH,F,2001,18,5,3,8,32,864
Patrice Bergeron,BOS,F,1985,10,4,4,8,46,1115
Oliver Bjorkstrand,SEA,F,1995,14,4,4,8,36,1053
Dakota Joshua,TOT,F,1996,14,4,4,8,9,918
Timo Meier,NJD,F,1996,16,4,4,8,55,1105
Andrew Mangiapane,TOT,F,1996,22,4,4,8,39,815
Kyle Palmieri,NYI,F,1991,11,3,5,8,30,1068
Andre Burakovsky,COL,F,1995,12,3,5,8,13,744
Joel Eriksson Ek,MIN,F,1997,13,3,5,8,39,1113
Anthony Beauvillier,TOT,F,1997,16,3,5,8,30,781
Pierre-Luc Dubois,TOT,F,1998,20,3,5,8,30,1049
Bryan Rust,PIT,F,1992,7,2,6,8,25,1356
Alexandre Carrier,TOT,D,1996,15,2,6,8,20,1263
Nicolas Hague,VGK,D,1998,34,2,6,8,37,1063
Joel Kiviranta,TOT,F,1996,37,2,6,8,33,683
Nick Cousins,TOT,F,1993,41,2,6,8,37,718
Calle Järnkrok,TOT,F,1991,42,2,6,8,46,832
Dmitri Kulikov,TOT,D,1990,49,2,6,8,37,914
Matt Roy,TOT,D,1995,28,1,7,8,34,1311
Dylan Holloway,EDM,F,2001,26,5,2,7,29,671
Brady Tkachuk,OTT,F,1999,6,4,3,7,22,1097
Mathew Barzal,NYI,F,1997,11,4,3,7,29,1136
Tyler Toffoli,TOT,F,1992,17,4,3,7,41,943
Marcus Foligno,MIN,F,1991,18,4,3,7,20,924
Filip Forsberg,NSH,F,1994,10,3,4,7,30,1217
Matthew Beniers,SEA,F,2002,14,3,4,7,22,1067
William Carrier,TOT,F,1994,40,3,4,7,48,644
Pierre Engvall,TOT,F,1996,18,2,5,7,33,931
Brandon Saad,TOT,F,1992,20,2,5,7,36,941
Carson Soucy,TOT,D,1994,26,2,5,7,20,940
Alec Martinez,VGK,D,1987,28,2,5,7,38,1134
Ian Cole,TOT,D,1989,33,2,5,7,14,974
Jalen Chatfield,CAR,D,1996,35,2,5,7,39,1092
Derek Ryan,EDM,F,1986,45,2,5,7,42,613
Ryan Pulock,NYI,D,1994,11,1,6,7,14,1439
Mike Matheson,TOT,D,1994,12,1,6,7,28,1503
Vince Dunn,SEA,D,1996,14,1,6,7,27,1389
Dylan Demelo,WPG,D,1993,22,1,6,7,27,1359
Alex Newhook,TOT,F,2001,24,1,6,7,19,677
Jake McCabe,TOR,D,1993,31,1,6,7,31,1289
Ilya Lyubushkin,TOT,D,1994,28,0,7,7,18,967
Tomas Nosek,TOT,F,1992,30,0,7,7,30,699
Tomas Hertl,VGK,F,1993,18,4,2,6,42,1103
Yakov Trenin,TOT,F,1997,20,4,2,6,21,671
Andrei Kuzmenko,LAK,F,1996,6,3,3,6,17,1095
Evgeni Malkin,PIT,F,1986,7,3,3,6,22,1238
Rasmus Andersson,CGY,D,1996,12,3,3,6,23,1316
Cole Perfetti,WPG,F,2002,14,3,3,6,31,953
Jackson Blake,CAR,F,2003,15,3,3,6,26,1014
Marcus Johansson,TOT,F,1990,17,3,3,6,28,995
David Kämpf,TOR,F,1995,26,3,3,6,45,884
Nicklas Bäckström,WSH,F,1987,6,2,4,6,16,1079
Blake Wheeler,TOT,F,1986,6,2,4,6,10,993
Michael Mcleod,NJD,F,1998,12,2,4,6,19,886
Alexei Toropchenko,STL,F,1999,19,2,4,6,17,645
Jesper Boqvist,TOT,F,1998,27,2,4,6,14,585
Erik Johnson,COL,D,1988,29,2,4,6,42,969
Keegan Kolesar,VGK,F,1997,39,2,4,6,22,627
Patrick Kane,NYR,F,1988,7,1,5,6,23,1041
Jake Neighbours,STL,F,2002,7,1,5,6,8,1071
Elias Pettersson,VAN,F,1998,13,1,5,6,22,1147
Nick Leddy,STL,D,1991,16,1,5,6,10,1098
Tyson Barrie,TOT,D,1991,17,1,5,6,28,1096
Dougie Hamilton,NJD,D,1993,17,1,5,6,33,1325
Jared Spurgeon,MIN,D,1989,18,1,5,6,28,1350
Michael Anderson,LAK,D,1999,24,1,5,6,26,1317
Christopher Tanev,TOT,D,1989,40,1,5,6,24,1251
Braden Schneider,NYR,D,2001,43,1,5,6,32,848
Jonathan Drouin,COL,F,1995,10,0,6,6,13,1050
Miles Wood,TOT,F,1995,20,5,0,5,36,757
Jeff Carter,PIT,F,1985,7,4,1,5,23,1046
Brandon Duhaime,TOT,F,1997,33,4,1,5,29,614
Jakob Chychrun,WSH,D,1998,10,3,2,5,18,1432
Tye Kartye,SEA,F,2001,10,3,2,5,13,740
Klim Kostin,EDM,F,1999,12,3,2,5,10,464
Conor Garland,VAN,F,1996,13,3,2,5,24,905
Carl Grundström,LAK,F,1997,17,3,2,5,24,618
Philip Broberg,TOT,D,2001,27,3,2,5,17,839
Pierre-Edouard Bellemare,TBL,F,1985,29,3,2,5,22,650
Luke Glendening,TOT,F,1989,33,3,2,5,24,651
Tim Stützle,OTT,F,2002,6,2,3,5,14,1201
Michael Stone,CGY,D,1990,9,2,3,5,24,781
Roman Josi,NSH,D,1990,10,2,3,5,34,1551
Casey Cizikas,NYI,F,1991,11,2,3,5,12,899
Anders Lee,NYI,F,1990,11,2,3,5,31,1001
Bo Horvat,NYI,F,1995,11,2,3,5,28,1248
Blake Coleman,CGY,F,1991,12,2,3,5,33,888
Michael Bunting,TOR,F,1995,13,2,3,5,15,889
Trevor Lewis,TOT,F,1987,19,2,3,5,25,663
Eric Staal,FLA,F,1984,21,2,3,5,14,698
Darren Helm,COL,F,1987,21,2,3,5,29,685
Steven Lorentz,TOT,F,1996,34,2,3,5,26,548
Jonathan Huberdeau,FLA,F,1993,10,1,4,5,25,1247
James van Riemsdyk,BOS,F,1989,11,1,4,5,16,705
Jason Zucker,TOT,F,1992,11,1,4,5,26,843
Alex Laferriere,LAK,F,2001,11,1,4,5,20,955
Duncan Keith,EDM,D,1983,16,1,4,5,21,1179
Brendan Smith,TOT,D,1989,17,1,4,5,17,736
Jan Rutta,TBL,D,1990,17,1,4,5,11,788
Teodors Blueger,TOT,F,1994,26,1,4,5,18,771
Lane Hutson,MTL,D,2004,5,0,5,5,5,1490
Vladislav Gavrikov,LAK,D,1995,17,0,5,5,17,1252
Jacob Middleton,MIN,D,1996,18,0,5,5,23,1188
T.J. Brodie,TOR,D,1990,19,0,5,5,14,1368
John Marino,TOT,D,1997,19,0,5,5,16,1374
Radko Gudas,FLA,D,1990,31,0,5,5,28,974
Zach Bogosian,TOT,D,1990,33,0,5,5,28,760
Paul Stastny,CAR,F,1985,15,4,0,4,13,738
Frederick Gaudreau,MIN,F,1993,18,4,0,4,30,956
Ty Dellandrea,DAL,F,2000,22,4,0,4,34,854
Cole Caufield,MTL,F,2001,5,3,1,4,24,1174
Nathan Walker,STL,F,1994,11,3,1,4,13,739
Danton Heinen,TOT,F,1995,15,3,1,4,28,924
Alexander Kerfoot,TOR,F,1994,18,3,1,4,25,880
Jimmy Snuggerud,STL,F,2004,7,2,2,4,12,1025
Victor Olofsson,VGK,F,1995,9,2,2,4,14,861
Troy Stecher,TOT,D,1994,12,2,2,4,16,907
Sean Durzi,LAK,D,1998,13,2,2,4,21,1138
Adam Larsson,SEA,D,1992,14,2,2,4,26,1510
Zack Kassian,EDM,F,1991,16,2,2,4,17,487
Ilya Mikheyev,TOT,F,1994,18,2,2,4,27,834
Jesse Puljujärvi,TOT,F,1998,23,2,2,4,34,628
Erik Cernak,TBL,D,1997,34,2,2,4,39,1141
David Krejcí,BOS,F,1986,4,1,3,4,6,1165
Gage Goncalves,TBL,F,2001,5,1,3,4,4,1014
Thomas Chabot,OTT,D,1997,6,1,3,4,11,1497
Kristopher Letang,PIT,D,1987,7,1,3,4,19,1791
Alexei Protas,WSH,F,2001,10,1,3,4,11,992
Adam Pelech,NYI,D,1994,11,1,3,4,13,1387
Mason Lohrei,BOS,D,2001,11,1,3,4,14,1031
Nick Foligno,BOS,F,1987,13,1,3,4,13,639
Justin Brazeau,TOT,F,1998,15,1,3,4,13,620
Jonas Brodin,MIN,D,1993,18,1,3,4,24,1469
Erik Gustafsson,TOT,D,1992,18,1,3,4,16,1035
Jimmy Vesey,NYR,F,1993,19,1,3,4,14,636
Trevor van Riemsdyk,WSH,D,1991,19,1,3,4,9,944
Lars Eller,TOT,F,1989,22,1,3,4,27,790
Jani Hakanpää,DAL,D,1992,22,1,3,4,25,1188
Hampus Lindholm,BOS,D,1994,24,1,3,4,28,1319
Brandon Tanev,TOT,F,1991,27,1,3,4,22,733
Scott Perunovich,STL,D,1998,7,0,4,4,2,649
Brenden Dillon,TOT,D,1990,9,0,4,4,8,1233
Anthony Mantha,TOT,F,1994,9,0,4,4,21,960
Nicklaus Perbix,TBL,D,1998,13,0,4,4,14,981
Colin Miller,TOT,D,1992,15,0,4,4,21,955
Mark Giordano,TOR,D,1983,18,0,4,4,24,1015
Nick Bjugstad,EDM,F,1992,12,3,0,3,16,814
Tyler Motte,TOT,F,1995,27,3,0,3,39,689
Marco Rossi,MIN,F,2001,6,2,1,3,9,667
Jake Muzzin,TOR,D,1989,7,2,1,3,8,1331
Michael Raffl,DAL,F,1988,7,2,1,3,8,959
Oscar Sundqvist,TOT,F,1994,8,2,1,3,9,898
Martin Fehervary,WSH,D,1999,10,2,1,3,9,1231
Pius Suter,VAN,F,1996,13,2,1,3,23,862
A.J. Greer,FLA,F,1996,16,2,1,3,12,458
Jonah Gadjovich,FLA,F,1998,16,2,1,3,10,456
Zach Parise,TOT,F,1984,17,2,1,3,30,882
Colin Blackwell,TOT,F,1993,18,2,1,3,23,572
Scott Mayfield,NYI,D,1992,6,1,2,3,10,1286
Adam Gaudette,OTT,F,1996,6,1,2,3,4,557
Jake Sanderson,OTT,D,2002,6,1,2,3,9,1578
Jared McCann,SEA,F,1996,8,1,2,3,22,871
Jean-Gabriel Pageau,NYI,F,1992,10,1,2,3,14,1033
Colton Sissons,NSH,F,1993,10,1,2,3,16,998
Oliver Kylington,CGY,D,1997,12,1,2,3,20,974
Damon Severson,NJD,D,1994,12,1,2,3,12,1112
Garnet Hathaway,TOT,F,1991,13,1,2,3,15,676
Mark Jankowski,TOT,F,1994,13,1,2,3,11,654
Jamie Oleksiak,SEA,D,1992,14,1,2,3,11,1265
Jonas Siegenthaler,NJD,D,1997,14,1,2,3,11,1321
William Borgen,SEA,D,1996,14,1,2,3,10,1060
Eric Robinson,CAR,F,1995,15,1,2,3,23,685
Mathew Dumba,TOT,D,1994,17,1,2,3,31,1216
Nic Dowd,WSH,F,1990,20,1,2,3,20,840
Sam Lafferty,TOT,F,1995,20,1,2,3,15,572
Sean Walker,TOT,D,1994,25,1,2,3,41,1072
Torey Krug,STL,D,1991,3,0,3,3,7,878
Ondrej Kase,TOR,F,1995,7,0,3,3,10,622
Noah Dobson,NYI,D,2000,11,0,3,3,18,1318
Bobby McMann,TOR,F,1996,13,0,3,3,18,755
Joshua Mahura,FLA,D,1998,21,0,3,3,22,783
Dylan Samberg,WPG,D,1999,23,0,3,3,23,1225
Vincent Desharnais,EDM,D,1996,28,0,3,3,13,940
Igor Shesterkin,NYR,G,1995,43,0,3,3,,
Christian Dvorak,MTL,F,1996,5,2,0,2,7,982
Nicholas Suzuki,MTL,F,1999,5,2,0,2,14,1336
Juraj Slafkovsky,MTL,F,2004,5,2,0,2,15,1192
Brandt Clarke,LAK,D,2003,6,2,0,2,6,767
Brett Ritchie,CGY,F,1993,7,2,0,2,10,520
David Gustafsson,WPG,F,2000,11,2,0,2,7,471
Tyler Bozak,STL,F,1986,12,2,0,2,10,580
Curtis Lazar,TOT,F,1995,13,2,0,2,13,635
Noel Acciari,TOT,F,1991,20,2,0,2,10,761
Ryan Lomberg,FLA,F,1994,26,2,0,2,33,590
Hendrix Lapierre,WSH,F,2002,4,1,1,2,7,791
Simon Nemec,NJD,D,2004,4,1,1,2,6,1239
Jeff Skinner,EDM,F,1992,5,1,1,2,9,733
Jordan Greenway,MIN,F,1997,6,1,1,2,5,804
Drake Batherson,OTT,F,1998,6,1,1,2,9,1048
Dylan Cozens,OTT,F,2001,6,1,1,2,13,995
Shane Pinto,OTT,F,2000,6,1,1,2,7,1192
Brock McGinn,PIT,F,1994,7,1,1,2,16,1035
MacKenzie MacEachern,CAR,F,1994,8,1,1,2,8,712
Michael Eyssimont,TBL,F,1996,8,1,1,2,16,710
Jakub Lauko,BOS,F,2000,8,1,1,2,8,496
Jaret Anderson-Dolan,TOT,F,1999,9,1,1,2,9,477
Pavel Dorofeyev,VGK,F,2000,9,1,1,2,27,977
Nick Robertson,TOR,F,2001,9,1,1,2,13,591
Patric Hörnqvist,FLA,F,1987,10,1,1,2,22,648
Mike Reilly,TOT,D,1993,10,1,1,2,19,1041
Connor Clifton,BOS,D,1995,10,1,1,2,15,982
Phil Di Giuseppe,VAN,F,1993,11,1,1,2,8,622
Daniel Sprong,TOT,F,1997,11,1,1,2,20,527
Nils Höglander,VAN,F,2000,11,1,1,2,8,600
John Beecher,BOS,F,2001,12,1,1,2,13,643
Filip Hronek,VAN,D,1997,13,1,1,2,13,1262
Darren Raddysh,TBL,D,1996,13,1,1,2,22,1194
Jordan Spence,LAK,D,2001,13,1,1,2,10,784
Blake Lizotte,LAK,F,1997,15,1,1,2,18,715
Will Cuylle,NYR,F,2002,16,1,1,2,18,677
Derek Forbort,BOS,D,1992,17,1,1,2,12,1023
Nathan Bastian,NJD,F,1997,17,1,1,2,19,681
Simon Benoit,TOR,D,1998,20,1,1,2,18,1075
Alex Petrovic,DAL,D,1992,24,1,1,2,15,752
Kevin Stenlund,TOT,F,1996,29,1,1,2,22,701
Phil Kessel,VGK,F,1987,4,0,2,2,5,707
Ryan Johansen,NSH,F,1992,4,0,2,2,2,1014
Luke Hughes,NJD,D,2003,4,0,2,2,6,1201
Joel Armia,MTL,F,1993,5,0,2,2,4,743
Brendan Gallagher,MTL,F,1992,5,0,2,2,13,937
Ivan Demidov,MTL,F,2005,5,0,2,2,2,868
Brian Boyle,PIT,F,1984,6,0,2,2,10,615
Johan Larsson,WSH,F,1992,6,0,2,2,4,622
Tyler Kleven,OTT,D,2002,6,0,2,2,4,946
Dustin Brown,LAK,F,1984,7,0,2,2,19,758
Marcus Pettersson,PIT,D,1996,7,0,2,2,6,1276
Haydn Fleury,TOT,D,1996,9,0,2,2,4,918
Parker Wotherspoon,BOS,D,1997,10,0,2,2,9,1053
Alexander Edler,LAK,D,1986,11,0,2,2,11,954
Tanner Jeannot,TOT,F,1997,11,0,2,2,11,782
Oscar Bäck,DAL,F,2000,11,0,2,2,2,662
Scott Laughton,TOR,F,1994,13,0,2,2,6,831
Joel Edmundson,TOT,D,1993,13,0,2,2,9,1246
Justin Holl,TOR,D,1992,13,0,2,2,9,1117
Callan Foote,TBL,D,1998,13,0,2,2,8,689
Ryan Donato,SEA,F,1996,14,0,2,2,24,544
Kevin Rooney,NYR,F,1993,15,0,2,2,18,715
Kyle Okposo,FLA,F,1988,17,0,2,2,16,513
Morgan Barron,WPG,F,1998,18,0,2,2,26,737
Craig Smith,TOT,F,1989,21,0,2,2,27,686
Nico Sturm,TOT,F,1995,21,0,2,2,12,518
Colin White,FLA,F,1997,21,0,2,2,7,445
Luke Schenn,TOT,D,1989,27,0,2,2,30,992
Sergei Bobrovsky,FLA,G,1988,76,0,2,2,,
Mathieu Joseph,STL,F,1997,3,1,0,1,6,815
Tyler Tucker,STL,D,2000,3,1,0,1,4,863
Uvis Balinskis,FLA,D,1996,5,1,0,1,4,754
Kyle MacLean,NYI,F,1999,5,1,0,1,6,714
Emil Heineman,MTL,F,2001,5,1,0,1,4,544
Andreas Athanasiou,LAK,F,1994,6,1,0,1,8,861
Mark Friedman,PIT,D,1995,6,1,0,1,7,654
Zach Aston-Reese,TOR,F,1994,6,1,0,1,4,533
Ridly Greig,OTT,F,2002,6,1,0,1,9,1080
Kiefer Sherwood,NSH,F,1995,6,1,0,1,4,718
Luke Evangelista,NSH,F,2002,6,1,0,1,14,802
Brendan Lemieux,LAK,F,1996,7,1,0,1,12,500
Matthew Martin,NYI,F,1989,9,1,0,1,6,607
Mitchell Chaffee,TBL,F,1998,9,1,0,1,5,700
Cal Clutterbuck,NYI,F,1987,11,1,0,1,4,649
Matthew Rempe,NYR,F,2002,11,1,0,1,5,367
Zac Dalpe,FLA,F,1989,13,1,0,1,15,366
Tomas Tatar,NJD,F,1990,16,1,0,1,18,802
Patrik Laine,MTL,F,1998,2,0,1,1,6,702
Matthew Benning,NSH,D,1994,3,0,1,1,4,870
Alexandre Texier,STL,F,1999,3,0,1,1,2,722
Oliver Kapanen,MTL,F,2003,3,0,1,1,1,416
Luke Kunin,NSH,F,1997,4,0,1,1,2,793
Matthew Samoskevich,FLA,F,2002,4,0,1,1,6,679
Alexander Nikishin,CAR,D,2001,4,0,1,1,3,959
Conor Geekie,TBL,F,2004,4,0,1,1,3,742
Zeev Buium,MIN,D,2005,4,0,1,1,2,815
Jason Spezza,TOR,F,1983,5,0,1,1,6,483
David Savard,MTL,D,1990,5,0,1,1,2,698
Saku Mäenalanen,WPG,F,1994,5,0,1,1,3,510
Sean Monahan,WPG,F,1994,5,0,1,1,13,1101
Josh Anderson,MTL,F,1994,5,0,1,1,11,833
Andreas Englund,LAK,D,1996,5,0,1,1,0,784
Jake Evans,MTL,F,1996,5,0,1,1,4,930
Paul Cotter,NJD,F,1999,5,0,1,1,5,865
Sam Malinski,COL,D,1998,5,0,1,1,9,840
Kevin Shattenkirk,BOS,D,1989,6,0,1,1,4,776
Sebastian Aho,NYI,D,1996,6,0,1,1,5,947
Louis Domingue,PIT,G,1992,6,0,1,1,,
Conor Sheary,WSH,F,1992,6,0,1,1,12,1023
Artyom Zub,OTT,D,1995,6,0,1,1,3,1356
Samuel Helenius,LAK,F,2002,6,0,1,1,1,237
Taylor Raddysh,WSH,F,1998,7,0,1,1,6,670
Parker Kelly,COL,F,1999,7,0,1,1,6,757
Zachary Bolduc,STL,F,2003,7,0,1,1,7,797
Tanner Pearson,VGK,F,1992,8,0,1,1,6,529
Ryan Leonard,WSH,F,2005,8,0,1,1,12,608
Vitek Vanecek,TOT,G,1996,9,0,1,1,,
Jeremy Lauzon,NSH,D,1997,9,0,1,1,6,1080
Logan Stanley,WPG,D,1998,9,0,1,1,3,647
Alexander Romanov,NYI,D,2000,9,0,1,1,8,1227
Ben Chiarot,FLA,D,1991,10,0,1,1,17,1037
Jon Merrill,MIN,D,1992,10,0,1,1,11,936
Sam Carrick,EDM,F,1992,10,0,1,1,4,554
Mackenzie Weegar,FLA,D,1994,10,0,1,1,26,1277
Ryan Graves,NJD,D,1995,10,0,1,1,9,1188
Emil Martinsen Lilleberg,TBL,D,2001,10,0,1,1,6,881
Kevin Bahl,NJD,D,2000,11,0,1,1,9,810
Rasmus Sandin,WSH,D,2000,11,0,1,1,12,1275
Milan Lucic,CGY,F,1988,12,0,1,1,4,562
Tyler Myers,VAN,D,1990,12,0,1,1,7,1169
Erik Gudbranson,CGY,D,1992,12,0,1,1,22,1082
Dillon Dube,CGY,F,1998,12,0,1,1,23,858
Nils Lundkvist,DAL,D,2000,12,0,1,1,4,267
Josh Archibald,EDM,F,1992,13,0,1,1,9,567
Timothy Liljegren,TOR,D,1999,13,0,1,1,3,1026
Connor Dewar,TOT,F,1999,13,0,1,1,13,674
Derek Stepan,CAR,F,1990,14,0,1,1,24,674
Alexander Alexeyev,WSH,D,1999,14,0,1,1,8,775
Robert Bortuzzo,TOT,D,1989,15,0,1,1,2,696
Mike Smith,EDM,G,1982,16,0,1,1,,
Linus Ullmark,TOT,G,1993,16,0,1,1,,
Jacob Markström,TOT,G,1990,17,0,1,1,,
Lian Bichsel,DAL,D,2004,18,0,1,1,12,707
Justin Braun,NYR,D,1987,19,0,1,1,7,760
Pontus Holmberg,TOR,F,1999,19,0,1,1,17,740
Joel Hanley,DAL,D,1991,20,0,1,1,10,755
Darcy Kuemper,TOT,G,1990,22,0,1,1,,
Ryan Reaves,TOT,F,1987,29,0,1,1,17,538
Stuart Skinner,EDM,G,1998,50,0,1,1,,
Jake Oettinger,DAL,G,1998,63,0,1,1,,
Joe Thornton,FLA,F,1979,1,0,0,0,0,378
Derick Brassard,EDM,F,1987,1,0,0,0,0,492
Kyle Clifford,TOR,F,1991,1,0,0,0,0,49
Calvin de Haan,TBL,D,1991,1,0,0,0,0,650
Martin Jones,SEA,G,1990,1,0,0,0,,
Brad Hunt,COL,D,1988,1,0,0,0,0,41
Thatcher Demko,VAN,G,1995,1,0,0,0,,
Steve Santini,STL,D,1995,1,0,0,0,0,188
Vince Hinostroza,MIN,F,1994,1,0,0,0,1,717
Matt Murray,TOR,G,1994,1,0,0,0,,
Patrick Brown,BOS,F,1992,1,0,0,0,0,507
Pheonix Copley,LAK,G,1992,1,0,0,0,,
Tristan Jarry,PIT,G,1995,1,0,0,0,,
Daniel Vladar,CGY,G,1997,1,0,0,0,,
Kyle Capobianco,WPG,D,1997,1,0,0,0,1,782
Zack MacEwen,LAK,F,1996,1,0,0,0,0,404
Matthew Highmore,OTT,F,1996,1,0,0,0,1,550
Maxime Comtois,CAR,F,1999,1,0,0,0,0,379
Givani Smith,FLA,F,1998,1,0,0,0,2,325
Brett Leason,WSH,F,1999,1,0,0,0,0,497
Brayden Pachal,VGK,D,1999,1,0,0,0,0,705
Erik Källgren,TOR,G,1996,1,0,0,0,,
Cal Petersen,LAK,G,1994,1,0,0,0,,
Grigory Denisenko,FLA,F,2000,1,0,0,0,0,357
Kaedan Korczak,VGK,D,2001,1,0,0,0,1,784
Jesper Frödén,SEA,F,1994,1,0,0,0,0,249
Ruslan Iskhakov,NYI,F,2000,1,0,0,0,0,358
Cole Schwindt,VGK,F,2001,1,0,0,0,0,354
Karson Kuhlman,WPG,F,1995,1,0,0,0,1,615
Vinny Iorio,WSH,D,2002,1,0,0,0,0,110
Juuso Pärssinen,NSH,F,2001,1,0,0,0,1,911
Ivan Miroshnichenko,WSH,F,2004,1,0,0,0,2,571
Seamus Casey,NJD,D,2004,1,0,0,0,0,553
Wayne Simmonds,TOR,F,1988,2,0,0,0,0,332
Brad Malone,EDM,F,1989,2,0,0,0,0,465
Mark Borowiecki,NSH,D,1989,2,0,0,0,1,947
Rickard Rakell,PIT,F,1993,2,0,0,0,6,566
Casey Fitzgerald,FLA,D,1997,2,0,0,0,1,564
Jacob Moverare,LAK,D,1998,2,0,0,0,0,151
Josh Brown,TOT,D,1994,2,0,0,0,0,533
Noah Gregor,TOR,F,1998,2,0,0,0,1,484
Axel Jonsson Fjällby,WPG,F,1998,2,0,0,0,0,363
Nikolai Kovalenko,COL,F,1999,2,0,0,0,1,408
Noah Juulsen,VAN,D,1997,2,0,0,0,1,774
Lucas Johansen,WSH,D,1997,2,0,0,0,2,840
Dominic Toninato,WPG,F,1994,2,0,0,0,0,526
Fredrik Olofsson,DAL,F,1996,2,0,0,0,5,618
Dennis Cholowski,NJD,D,1998,2,0,0,0,2,539
Samuel Bolduc,NYI,D,2000,2,0,0,0,2,419
Linus Karlsson,VAN,F,1999,2,0,0,0,0,594
Drew O'Connor,PIT,F,1998,2,0,0,0,0,340
Jayden Struble,MTL,D,2001,2,0,0,0,1,738
Alexander Radulov,DAL,F,1986,3,0,0,0,2,584
